{
  "MgB2_sigma": {
    "e_exp": [0.7953, 0.6613, 0.5197, 0.312], 
    "q_exp": null,
    "residual_exp": -0.008642,
    "input_exponents": [1,0,0,0]
  },
  "MgB2_pi": {
    "e_exp": [1.228, 0.7565, 0.2525, 0.489],
    "q_exp": 6.022,
    "residual_exp": -0.006469,
    "input_exponents": [3,1,0,0]
  },
  "MgB2_sigma_vs_pi": {
    "C_AB_exp": 1.58974
  }
}
