{
    "CALIBRATED_GAMMA": 3.5961761667359034e-17,
    "CALIBRATED_ETA": 3.106848681171814e-05,
    "METADATA": {
        "winsor_X_cap": 800.0,
        "eta_95_CI": [
            7.094255998262291e-07,
            5.537023611394094e-05
        ],
        "fit_families": [
            "SC_TypeI",
            "SC_TypeII"
        ],
        "prime_max_val": 7919
    }
}