{
  "material": "Sn",
  "run_label": "seed=7028|primes=2,3,5,7",
  "params": {
    "single": {
      "L": 1,
      "f0": 60.0,
      "ratios": {
        "r2": 0.1,
        "r3": -0.0027222968583776154,
        "r5": 0.07694885721989636,
        "r7": 0.1
      },
      "delta": {
        "d2": 0.15,
        "d3": 0.0032412272157646424,
        "d5": 0.12133145955617712,
        "d7": 0.15
      },
      "layer_assignment": [
        1,
        1,
        1,
        1
      ],
      "loss": {
        "total": 2.289050914280137,
        "e": 0.3442743776105247,
        "q": 0.0,
        "residual": 4.2659637812525464e-07,
        "anchor": 1.944758978000002,
        "regularization": 1.713207323190592e-05
      },
      "e_sim": [
        0.15333931509884566,
        7.693957671269422e-07,
        0.10167723895791193,
        0.15333931509884566
      ],
      "q_sim": 4.624492809926267,
      "residual_sim": -0.1265482936144875,
      "e_abs_errors": [
        0.8466606849011543,
        7.693957671269422e-07,
        0.10167723895791193,
        0.15333931509884566
      ],
      "e_abs_mean": 0.27541950208841975,
      "q_error": null,
      "residual_error": 1.7063855125010186e-06,
      "f0_anchor_error": 6.236600000000003,
      "q_gated": true
    }
  }
}